id,name,net_worth
6f254382-4cd0-4a50-9da0-c09420156bbe,Frank Darabont,6.30580472946167
88e7a180-dbca-4b58-9a9a-1af00dc6a0e5,Francis Ford Coppola,6.123178005218506
6d1e2210-3506-4bb5-9ef7-cfab7ab26c6a,Christopher Nolan,6.439485549926758
3a38dcf2-577f-4497-ab49-1c207929b5f1,Sidney Lumet,7.7776618003845215
1db2ef1e-bb43-4bf9-b31b-d6c8f1f3388f,Peter Jackson,1.80509352684021
4e9c78da-487b-485a-93b3-a017df3b16eb,Quentin Tarantino,8.691497802734375
d9755adc-6f47-4702-81bc-fdb40ac138d9,Steven Spielberg,3.844773292541504
5dc09be5-8c48-4f3f-8020-154668ebff8b,David Fincher,5.265877723693848
5d3626a9-37ed-4647-b802-4367687873f8,Robert Zemeckis,8.750296592712402
65117285-7884-4864-b431-07ed5bfc9d7d,Sergio Leone,1.8970727920532227
ef4ad83f-109c-4506-9b98-1ac8a4564fea,Lana Wachowski,6.216183662414551
e236e07e-69c9-49f8-90ac-4a628f42f4f5,Martin Scorsese,9.565263748168945
75ed8fd4-30f1-4a63-845f-6c143bd788c3,Irvin Kershner,4.11241340637207
ec3f6d13-2200-4b86-a127-60f3ef7dfb32,Milos Forman,3.6061720848083496
0300bc2e-35f6-4def-a990-fb5269a474ed,Thomas Kail,6.843103885650635
00b9b7da-290d-4577-b6fb-db60570b82e6,Bong Joon Ho,4.224417686462402
d2c90f6e-cb87-411a-ae6a-dc326f52a31b,Sudha Kongara,8.023346900939941
78766489-ec5c-4915-b2e5-926a0078c399,Fernando Meirelles,7.055515289306641
2a60c0f3-db06-4d32-a878-c2e0b4861c66,Hayao Miyazaki,5.084565162658691
1559d9ad-562a-45a6-a69f-4691cd16ee26,Roberto Benigni,2.3580029010772705
e103520c-f88a-420c-8038-0103e6a4e06b,Jonathan Demme,3.0630345344543457
49690f98-6a6a-4bfa-8e4c-fd01afd8966a,George Lucas,7.524524211883545
91248f0e-dc4e-4001-98c5-b31a7f5e960c,Masaki Kobayashi,2.3397560119628906
86da8251-e478-43d6-ac3e-64af26aca484,Akira Kurosawa,6.382548809051514
d5d6fdbb-bb08-4c83-9961-3c60e6558750,Frank Capra,1.3229568004608154
0062e17a-d6dd-4c14-9e37-dab17f068c87,Todd Phillips,2.369666814804077
03f2b2ac-2fbb-4458-8221-ab30dc8b6b22,Damien Chazelle,4.871813774108887
eeb1e97e-9d38-42a4-a800-3ad9e040f976,Olivier Nakache,7.156765937805176
e84616b9-6e3f-4650-9674-c5230dab911e,Roman Polanski,9.486163139343262
37c0b5d2-99bb-4e97-a481-77d759ccfcf0,Ridley Scott,2.5628814697265625
ea071474-bdd3-4fd8-b83a-5b498a25839d,Tony Kaye,5.870004653930664
b7086206-e7f1-4372-bad3-7bfd9fc0dd31,Bryan Singer,7.948946475982666
38e03cb3-26c0-4d44-a207-6b6056aae538,Luc Besson,2.2241628170013428
55e08b69-38af-4e98-b411-65c7e5259102,Roger Allers,6.26519775390625
85e539ab-3ca5-43b3-ac94-00f956b9a09d,James Cameron,7.334808349609375
d2ed036b-d36f-45f4-9339-34a4eb022970,Giuseppe Tornatore,8.701129913330078
0093e002-e621-45e4-848d-add96a6f349f,Isao Takahata,1.4380900859832764
78dea2c2-69ab-4122-950c-1effe83a0cc9,Alfred Hitchcock,4.90275764465332
b8bf080e-34be-4a31-b80f-d80b3b15f384,Michael Curtiz,8.416093826293945
5fd3b9ea-f8dd-4766-b11b-b5240be69f9a,Charles Chaplin,7.541550636291504
e30d70c6-937c-4943-83f4-968d93e1c18a,Nadine Labaki,1.9318326711654663
1c760bbf-f310-469b-ae07-e5c8577b2052,Can Ulkay,7.379957675933838
48acfeea-e9c9-4b13-88da-e229292b62ab,Gayatri,5.66225528717041
ca12155f-2f08-44a6-a587-fa6682c003e4,Makoto Shinkai,6.529757022857666
30f3bd23-c890-4d81-a699-df72413308be,Nitesh Tiwari,3.771712303161621
591b3314-e5b6-47bf-90da-32c19979ba90,Bob Persichetti,7.4370341300964355
f3669aad-ae76-4dc9-a39a-92a16216af56,Anthony Russo,4.7765278816223145
7486b805-1e14-4fb9-9b68-c314a1db0ab2,Lee Unkrich,3.4149107933044434
9c6f6810-17e2-44e4-9c86-950742314303,Rajkumar Hirani,9.706308364868164
74855e6e-a078-4897-92e7-b10067afbfad,Aamir Khan,5.2954206466674805
fb4b9664-d46e-4c32-a799-925d1ee22cab,Andrew Stanton,4.429285049438477
854c137e-8bfb-4b84-81fa-ab13586c4aa4,Florian Henckel von Donnersmarck,5.008594036102295
0c951f31-d8be-460e-9cf5-0ad0327b3404,Chan-wook Park,1.0245411396026611
d422ff3f-af39-40bd-b01f-551c813c90f5,Stanley Kubrick,3.2928407192230225
e1a096a6-5067-4a41-9e81-adf2c0369f63,Hrishikesh Mukherjee,8.026866912841797
3057e5b0-1666-4ce2-a704-973091e8c221,Billy Wilder,2.0755138397216797
dfb0336b-38d1-4a9f-9a61-ffb8de3821dd,Sam Mendes,4.2146382331848145
01061682-6612-41fa-ae2b-464a554a6ae1,Rahi Anil Barve,3.95648193359375
c5ada4fa-298f-48bd-95f3-0b90df8c82a4,Sriram Raghavan,9.019020080566406
34ca5ee7-6cd7-4ec9-8d18-04779406ca56,Jeethu Joseph,4.233227729797363
a71d6cf2-6fdc-4091-8895-e32b4ba9d1c8,Thomas Vinterberg,7.309473037719727
623c5657-83d6-4d28-a59a-7f8dbee246a0,Asghar Farhadi,3.2117271423339844
560f927c-533f-4008-a455-dc824e3e6763,Denis Villeneuve,7.6924333572387695
dac1e2cd-2c55-4c2d-9304-579741a70ed4,Mehmet Ada Öztekin,4.571784019470215
f077acdd-dd75-4d66-9d68-be46ab6197b6,Çagan Irmak,8.659090995788574
39e9eb08-c8f7-46cc-ae00-e260b7b14d55,Michel Gondry,5.2776570320129395
13470ea1-6324-4acb-965f-339b631ac2ec,Jean-Pierre Jeunet,3.8849539756774902
1da1ee5a-15c3-4ae1-b80b-6acea84c943d,Guy Ritchie,4.594919204711914
f85f9df2-007f-401d-83b7-b7016730dcee,Darren Aronofsky,6.345027923583984
eeaf994b-e488-4751-98b1-e483eaa3e1fd,Gus Van Sant,4.653447151184082
474e0067-4067-4e3f-8948-d6b1a7dac260,Majid Majidi,2.323028564453125
1d7182b4-6348-452f-a52d-09795e5bc89f,John Lasseter,4.4406585693359375
e7b7a92a-e4c3-42d2-ad5d-8e737e8aafa4,Mel Gibson,9.261232376098633
379ba3d2-1721-4ecb-ae90-4379f04dfc09,Elem Klimov,1.8270645141601562
a67a6d76-6233-4d61-83ef-248986858b8c,Brian De Palma,7.673643112182617
c39416ee-6670-4d58-8e12-31d40243dbfc,Richard Marquand,2.5576794147491455
3411abeb-a3ed-4ca4-926c-8d230491fcd3,Wolfgang Petersen,8.71729850769043
1d97ed4b-bf7b-4e97-821c-845e2ed302fc,George Roy Hill,3.5427539348602295
6c2961a6-62fa-46e8-a815-265131d3577d,David Lean,5.711697101593018
d8efc7ca-3e7b-4dfa-b867-cee09355c3f2,Stanley Donen,7.5109710693359375
a2210449-0907-411a-a63c-c439c771883b,Vittorio De Sica,1.1251084804534912
c3dd3339-d5de-4107-a2e4-a9c56141d44a,Orson Welles,1.3132777214050293
1bbb62e4-de5b-4d3e-8cbb-6ab449b18f1c,Fritz Lang,6.932365417480469
821deed3-b5a0-4755-b07d-52a978372f23,Aditya Dhar,8.350418090820312
54620ec6-539b-4fc6-a8d3-7991b3b598aa,Prashanth Neel,4.027191638946533
5690f57f-f2e0-4b2d-919a-b7e962588bfb,Peter Farrelly,1.8957436084747314
ae1b398a-9b30-4ad5-b29c-2582b1fdb318,Martin McDonagh,1.6167138814926147
4ec7d0df-e05f-476f-a7a3-f13621c41c3a,Meghna Gulzar,1.9600780010223389
efb4b08e-95b5-40c1-be37-1df22b124e8d,S.S. Rajamouli,9.666403770446777
aee0d518-6f07-40de-8eb8-13f91df4c62f,Sergio Pablos,4.734130859375
53cfe1fe-5a28-47d6-a8ef-ab600d817225,Nishikant Kamat,3.3931591510772705
7f0ef84f-b9c8-430e-ba8a-d54deb08cf42,Vikas Bahl,5.1792683601379395
f76d01c9-03b1-4f86-bcd2-788c9354a55a,Zaza Urushadze,1.55202054977417
9d95a159-2269-4b63-89d9-fd7c096bc5e2,Rakeysh Omprakash Mehra,6.9079909324646
2455db24-89df-4b48-a477-4756feda9b39,Anurag Kashyap,4.596462249755859
b24fb13c-c09b-4c77-802a-fca008073a2c,Vikramaditya Motwane,7.666990280151367
e43880ee-ef58-4499-b2b8-bd508c1a2d18,Tigmanshu Dhulia,6.973391056060791
46db35d2-8912-463b-b1e0-6c7fea390b5c,Juan José Campanella,9.824929237365723
a78dc8f0-5e6e-4adf-938a-672cee1ce80a,Gavin O'Connor,1.5596418380737305
6a5c781d-4def-4517-bb65-725305b24320,Pete Docter,6.13338565826416
1af10774-e90f-47a7-b360-9b14707b22a4,Shimit Amin,7.670032501220703
eb9b08ef-f699-4401-a879-47a01442a7db,Paul Thomas Anderson,5.820791244506836
58d81b2d-57a3-4ba4-948f-04284ac33bef,Guillermo del Toro,4.328681468963623
8e18d49f-9c2a-4a5a-9e71-5532d324c112,James McTeigue,2.7627670764923096
1b69f368-4a48-464a-aa25-a5af1a1c90fa,Sanjay Leela Bhansali,5.641862392425537
cb616fac-39b2-4741-b0d7-19e21fbbb806,Ashutosh Gowariker,3.611355781555176
d7211421-30a4-46ee-9e56-757cd68c03f5,Oliver Hirschbiegel,1.4496665000915527
4caec206-eee8-41f1-a7e3-3bccb986cb8c,Ron Howard,5.939898490905762
c896c553-624d-493f-bc12-fb7dce9c9e79,Priyadarshan,7.318335056304932
10b5abff-247e-44c0-80a6-469f096aac7e,Curtis Hanson,2.7528438568115234
04a33683-f0c0-4e5d-9f8d-6b30e4b21bce,Yavuz Turgul,9.644186019897461
4551093e-f213-446a-b8a9-a76187111958,Michael Mann,1.4124797582626343
7eb0970a-d867-4381-adff-42bb154a4e77,Rajkumar Santoshi,9.839816093444824
97f45b86-a7b7-4fb1-ba54-bf4488840806,Clint Eastwood,9.366869926452637
5a40028b-9966-46c2-aaf7-5323dbe15ecf,Emir Kusturica,6.841980934143066
a6b5cf0e-cf41-420b-8f07-7b1164550835,John McTiernan,8.985078811645508
90247273-9abc-48c3-99e7-2e1105750e37,Andrei Tarkovsky,2.0758860111236572
f5a2a501-13ad-4ab1-bc51-86f138f1d775,Ingmar Bergman,8.686578750610352
beee50ce-ae9b-4897-822a-d1f4a1bc98aa,Moustapha Akkad,5.6415605545043945
39634804-7549-4be6-969e-40615f2c8e0c,Ramesh Sippy,8.041990280151367
327b49c7-4ef1-4f3f-99f2-cfed54736467,Terry Gilliam,1.7443441152572632
58802910-42c4-4f2e-88b8-99003c246a3e,John Sturges,9.43272590637207
8040618f-e532-41bd-a595-ecf66a243407,Robert Mulligan,3.1471972465515137
f3030d4b-8680-4fc7-a84a-9fef47e3f57a,Stanley Kramer,2.2776575088500977
40fa4571-ef17-4b35-bc66-9d86b206baee,Jules Dassin,6.279489517211914
09cf7d99-800f-4e7b-b830-4feed534c6f8,Yasujirô Ozu,3.619208812713623
67187a60-b446-478e-a964-0951305c121b,Joseph L. Mankiewicz,9.035094261169434
6cefd1bd-92e8-42cc-8319-1dac86c61435,John Huston,5.191949844360352
9494faaa-7e7c-417e-b92a-f662e869cb5d,Ernst Lubitsch,6.30859899520874
b26594d5-ee95-4b1e-8de5-b6af6deee869,Buster Keaton,7.546309471130371
8b498e88-664a-4733-a983-3b428a89b84d,Céline Sciamma,1.6776225566864014
ee9cb89e-2e44-4f38-a546-57f96fe192f7,Aniruddha Roy Chowdhury,6.740720748901367
144f6146-4132-403e-8ef3-bf6a823d9369,Naoko Yamada,1.9455833435058594
7daf4217-ba6f-478f-8561-87cbe00e04bd,Oriol Paulo,6.670456409454346
20c551fd-ea2b-493a-bbf6-25aacc94e843,Xavier Dolan,4.747622013092041
24b4e978-2cf2-485d-b479-809a92f56e8f,Vishal Bhardwaj,7.324253559112549
57432629-0ab8-4293-aa61-cf6ee4c4e128,James Mangold,7.246494293212891
c5507d6f-6e12-4a8e-bacc-c530c6d997d4,Lenny Abrahamson,4.539417743682861
cfb426d0-5594-4688-8c61-d29407a5da5f,Damián Szifron,6.6493330001831055
a41fec84-34e8-4895-b32d-66b75ff40ea4,Nuri Bilge Ceylan,9.777905464172363
3ee1f0ee-12b6-439e-a956-022b19069c2b,Umesh Shukla,1.1411464214324951
46d23b47-c2fd-49ce-b84c-5b03b3f9cc68,Wes Anderson,3.4041154384613037
38a452a9-3318-4694-801b-8472d2dd4171,Mamoru Hosoda,9.388774871826172
950b6161-b9e2-4d42-bea5-7dfd88c3d9da,Anurag Basu,3.0479352474212646
6d4df63b-b9a1-47bf-83b5-b7b6b0158f56,Steve McQueen,6.174473285675049
8d6039df-dd1d-4e37-b737-0db5654c41b8,Tom McCarthy,6.6754302978515625
73021cd4-fda5-4d85-8850-5b5dfa094ba3,Tomm Moore,3.58268141746521
18f516cb-e46a-40d1-9097-894abb2e029e,Sujoy Ghosh,2.4541032314300537
0c621775-5d0e-4a2c-86ed-9cfc2a511658,Zoya Akhtar,2.6721041202545166
b76d3d5b-1cb8-4830-9649-29f05e2b9272,George Miller,3.621058464050293
89e810c1-7a2d-4f69-b156-7e4e852969c1,Neeraj Pandey,9.540860176086426
0882191e-fb3a-4e26-859a-b6078d7e1260,David Yates,4.546058654785156
4cc62d07-0f57-4953-ad5c-7e1210edb3cd,Yôjirô Takita,9.643303871154785
74699931-70b0-4e2d-b708-28640fde11fe,Lasse Hallström,9.488224983215332
a5bdb416-865d-4f51-90fb-1aed60b77a78,Adam Elliot,9.888310432434082
4b8ac947-009d-4237-a137-7676ecd0f57b,Dean DeBlois,7.602290630340576
b11e60c2-10fd-4199-b3e4-8633b50e14ba,Sean Penn,2.6721138954162598
931eb632-4c88-4d45-82c5-cdef66cc480d,Ethan Coen,2.590259075164795
bc172339-695d-45d1-b05e-ddf4ce6f437c,Terry George,5.641894817352295
9a71112c-8280-4d00-92d8-62fbdec3652a,Je-kyu Kang,4.377171516418457
893bca79-c01e-4c0d-b5c9-72dda1b83ccb,Richard Linklater,4.200720310211182
5eb55b99-e144-4912-b019-5af8b79c62f1,Farhan Akhtar,9.177074432373047
0259a80b-415d-4bb2-be18-cfd1c0cdfd0f,Alejandro G. Iñárritu,5.770160675048828
63e948c0-b156-4a56-8d83-9429527da02a,Hideaki Anno,6.5647292137146
19ae1378-d72d-4616-b14e-fca9cb7a640f,M. Night Shyamalan,3.37814998626709
63da3fe2-68ac-4930-89c0-4afd9da758f2,Peter Weir,9.480315208435059
928f618e-c42d-4d3f-81ee-4752e4801f3a,Joel Coen,2.762054204940796
48540254-77a9-416e-9307-41bfe7b6e5e9,Kar-Wai Wong,9.991759300231934
9422df2d-d6c2-4d40-a736-b56aa6d3187c,Danny Boyle,8.813565254211426
d840e4c8-d7ab-44d4-9504-37a308e9c595,Mathieu Kassovitz,3.601785182952881
58d15d94-8f25-4a6e-95c8-331b6d14bc0e,Aditya Chopra,5.657074451446533
4ff6c7cc-4784-4a7f-80d6-eb47aa3b536c,Krzysztof Kieslowski,1.7120245695114136
4328a862-cb00-48ad-9dbb-33ba160e6154,Jim Sheridan,1.5367958545684814
a5f948c9-6d20-4e0d-8223-116ee2a94e9b,Kaige Chen,1.66017746925354
7bdcc15f-24be-477e-8aa3-e1cb94bf8e6a,Yimou Zhang,9.927467346191406
474942af-1ac0-4044-b935-7ec5d77f2601,Rob Reiner,4.339601516723633
bece5a20-0ff4-4dd1-a8ec-ba8d0b46c3b1,Oliver Stone,9.908557891845703
c95f767a-c359-405a-88a2-0f99d1db8484,Wim Wenders,3.2766358852386475
46e51d91-b964-409c-9b35-51aeb5ac5b5e,John Carpenter,5.263216018676758
608ad559-f6c6-48f8-84e0-075962acdbc8,Alan Parker,7.276885986328125
c1d4a85d-02b4-4b2e-9f84-af3aa2f8a0d6,Werner Herzog,2.207454204559326
c64b91ee-8738-4a39-afd2-83e8ec9e9a71,David Lynch,7.140841960906982
9fd4daa7-a3b9-422b-9d59-074a92c62c0a,Terry Jones,3.169875383377075
05e65371-bd25-4017-8048-254bcecf6b41,Michael Cimino,1.5287230014801025
15fbbf0e-fe72-4cdb-9cc5-bdc646c376b0,John G. Avildsen,7.9279985427856445
00f3a66b-9e48-438b-8a07-614d53e2ee81,Peter Bogdanovich,3.7709999084472656
0c93f03c-f43e-43f5-9260-deeaa71e9e4c,Jean-Pierre Melville,1.914207935333252
8ddf9490-573d-4c29-883c-7e59dd9fad7f,Stuart Rosenberg,9.069193840026855
71418583-ec1a-4434-aa6b-3c665bdb8eb3,Gillo Pontecorvo,4.981611251831055
b1adcb9b-77ae-4dca-b6f2-17723ed34f49,Luis Buñuel,9.116950988769531
7048e763-127c-48cc-a190-cb8a4ecd080d,Robert Aldrich,5.367340087890625
ed8ee69d-db15-4daf-b047-ca75fca4a0cf,John Ford,8.383718490600586
1cf27dc6-2e75-40e3-bf94-bd14cb02c618,François Truffaut,2.0507419109344482
0eaf47a1-c4a7-43ca-aa6c-a7489cb03a35,William Wyler,5.739648818969727
cb7f4455-0ced-4a88-876d-6c575f8a2014,Federico Fellini,3.978358745574951
1d6ae468-52e9-4af5-9848-dc4eedfe6d0e,Elia Kazan,1.2026007175445557
2edfa45d-46e9-4f4c-921b-fcee881b5f9e,Henri-Georges Clouzot,8.10777473449707
e2ef4b3b-4c39-46ac-9769-97bfacf8f039,Raoul Walsh,6.116529941558838
c7a58643-e0d1-4d8c-a0a2-b28d4d89908d,Carol Reed,8.699445724487305
237f49b7-dcd7-4621-a453-1b3087b773d6,Michael Powell,6.658026695251465
1d4d972a-69e7-43d4-b020-0331633310a1,Victor Fleming,7.9470038414001465
1a1fa744-4568-4d9a-8534-80b8127e4463,Jean Renoir,1.2225031852722168
95898536-1c3f-44a9-9754-2cd27f0de65b,Carl Theodor Dreyer,1.1865320205688477
5ed9792f-a3ff-4dc1-a349-7d86308c4deb,F.W. Murnau,1.2660317420959473
8d72115e-2e8d-4b6e-ade2-27ab0901ca4a,Clyde Bruckman,4.102107048034668
d21be0d1-ecbd-429a-b423-db333cd09c04,Robert Wiene,5.310044288635254
2e942b42-9c4b-4414-9b04-cddda7faf561,Amit Ravindernath Sharma,9.558594703674316
17326561-4dfc-4937-bbe5-6569a0fb9be4,Ericson Core,7.1189398765563965
ae4f82a7-7b03-4441-a5a2-b2c0ec0a9e40,Raja Menon,6.606831073760986
225cc3d1-9f6c-4b8c-9b54-5ab462cdaaef,Kabir Khan,5.515096664428711
5c7a724c-dd13-49cc-8065-8d47ac5e199d,Garth Davis,6.195843696594238
01b68d7a-e2e6-4f5a-93b7-1aca7af34108,Byron Howard,3.931716203689575
350c3d12-ec9a-4832-ac55-7f76966d2e29,Stephen Chbosky,1.2202088832855225
12e7bdcb-a09d-48cf-bbd1-51e4fb7c8ca6,Destin Daniel Cretton,5.604729175567627
44b33ca3-f8bd-4a23-b567-6bbeff269e59,Gareth Evans,8.348531723022461
29b8f4ea-4f9a-416a-8d82-1a800b55198c,Morten Tyldum,1.5585904121398926
2e4bf09a-dac4-4a9f-af1e-f79b1fe3804c,James Gunn,4.949214935302734
7771fa3e-d8f9-4567-9d5b-41cf64e3296d,Spike Jonze,5.09658670425415
9b021cc6-1c65-450c-a143-5c8340a47214,José Padilha,4.4257612228393555
3a0e9273-2523-4cda-b771-9b1728bd462b,Tom Hooper,7.49862003326416
93e811c2-f0db-4c13-9356-dfcfd8e28430,Tate Taylor,2.3446502685546875
dcf3eeab-36b1-4697-934f-b297d50c885b,Tim Miller,9.594189643859863
9c115c65-d446-4b14-8894-8e6095bab8ee,Wilson Yip,2.513542652130127
8655d7cc-8cbd-4c9b-a8dd-9d41d01770c6,Karan Johar,6.1067094802856445
eb69a7d7-f433-44ab-9404-dbe95abea0bf,Levent Semerci,4.735906600952148
3b4fc8cf-70e5-4863-b115-3ba9c65dfcb4,Joss Whedon,1.6754639148712158
70174aa9-bc49-4853-b77f-4dc30e3d6146,Vincent Paronnaud,1.0208911895751953
daf11d26-6b6a-429c-a86c-420893313602,Jean-Marc Vallée,6.455451011657715
aaf9652e-bf10-4363-beaf-5340cfae8103,Gabriele Muccino,2.9691834449768066
56b9a8ca-6aa1-4e93-b931-8330726e5d11,Edward Zwick,9.572757720947266
ae12286f-6723-4ff4-ba5a-7bb6fbb0d8f6,Paul Greengrass,1.6621708869934082
5b6a6428-03ed-43ed-bdd3-f5c6a6043a3d,Ki-duk Kim,6.148425579071045
072464ac-5f9b-49e9-bd2a-e2dad49cf526,Frank Miller,5.70808219909668
16b97f2e-9fbc-4e65-932f-49c3a7d9596b,Julian Schnabel,2.342306137084961
22ed01cc-f1c4-4c0e-8d51-aacbeaf17e23,Ömer Faruk Sorak,5.934506416320801
02f8c6a6-2169-41cd-b1d2-a9dade876f43,Brad Bird,4.2942094802856445
1959829e-ad34-477d-9fc6-034c3ec2def2,Martin Campbell,8.419313430786133
77665d2a-6fe5-4705-90ee-e40d24334f72,Andrey Zvyagintsev,8.484046936035156
e7f48822-5cf7-4eb9-a584-3dcc1f00a393,Alejandro Amenábar,2.7175116539001465
f41134ab-8333-48a4-bb42-b0d4fd3404d6,Nikkhil Advani,4.274662017822266
5185d0df-8b0c-4ecb-8fd0-181d89e3de27,Andrew Lau,4.838384628295898
9d1877b6-07d3-4a54-b23b-beaef719c653,Gore Verbinski,6.667088031768799
6574e609-a40a-4756-87d0-821b194a4ad1,Tim Burton,5.177602291107178
e42bc6ed-3bbb-411f-a4ff-d91627b0fb94,Jae-young Kwak,9.442298889160156
61da6e79-375b-4492-a883-91768f43cb11,Lars von Trier,9.706589698791504
6c67ef62-b62b-4aea-869d-5f702973c399,Yilmaz Erdogan,8.04088020324707
7cf76ca7-f312-47a3-943e-65344e68509d,Richard Kelly,4.635317802429199
1aba5414-439a-4657-990e-28dde23b94c1,Satoshi Kon,5.925928115844727
86830fb1-a724-42b8-aa4d-fa142c576096,Walter Salles,1.8407351970672607
487d9743-a8b0-4795-8b7f-0a815081c499,Thomas Jahn,6.706559658050537
97ecf012-176c-4cf9-a4a3-0fbba5238aed,Billy Bob Thornton,9.01819896697998
6c8f4398-89d4-4d50-a788-cafcd2cf6170,Mike Leigh,4.385079383850098
b6653431-3e0d-45c0-8901-0f40c7a80206,Mamoru Oshii,3.550508737564087
c7f88ce7-2a6f-47a0-8e01-c444023b81c3,Henry Selick,1.7763123512268066
cd863994-7802-4d2e-897b-7f258671cee9,Harold Ramis,8.160404205322266
bbcb2ccd-92bd-4985-978d-76faf981b358,Taylor Hackford,8.932638168334961
72ed06d3-56d9-4d5e-af1f-b17ffd588d5b,Martin Brest,7.330456733703613
bbe7fe4a-ec35-4aaa-9183-68c0744489e7,Ron Clements,9.551692962646484
371b7657-75fd-463f-a2d7-c810a1db21bf,Gary Trousdale,6.974221229553223
ecca5a30-5cef-4d50-b76b-4690f502f573,Kevin Costner,8.8115234375
f6136458-609f-48f9-8c82-cc0b88c04654,Spike Lee,2.233713150024414
5a01a069-e12e-4188-a92c-f539f785289e,Barry Levinson,9.644512176513672
5f379e09-060f-480b-adf2-b18dd9c79f79,Katsuhiro Ôtomo,1.7847354412078857
50b27e76-bda0-4513-9f3a-10458824e000,Louis Malle,1.105817437171936
e24abac9-a314-4233-8351-d9bd2f31a5dc,Richard Attenborough,9.5347318649292
be2be5f8-dded-4e11-8d63-1fc258151f1b,Hal Ashby,7.368963718414307
c25135c0-a826-4c54-ba49-14a0627c00ad,Woody Allen,8.332902908325195
9054186b-2b23-47c7-b67d-13b875fefa49,Mel Brooks,5.055850982666016
f6ab0687-53e6-4d13-9cf3-039a44f2e20e,Franklin J. Schaffner,3.163722515106201
90176931-63e5-450b-8924-b09e65b1411b,William Friedkin,1.1047258377075195
a615a304-40c7-4d14-b9d9-1733907b6263,Norman Jewison,6.403436183929443
27c4cb25-9123-4397-864a-6f7fb039d912,Bernardo Bertolucci,2.1656112670898438
fc88ffad-d773-4f85-a6fb-93775c5c664e,Mike Nichols,8.550518035888672
8b224710-7e20-4451-901a-b8d4d6190a4e,Robert Wise,5.832525730133057
43883a44-9571-4811-9811-ae8219f769fb,Jean-Luc Godard,2.588087558746338
88c3bd04-95bd-483d-a63c-38e8ad80cb11,Robert Rossen,7.883244514465332
7887e36a-2639-4ca5-8e41-6a4c1ca8f5d6,Howard Hawks,6.833181858062744
1c346520-f4c5-4ebf-902f-ff98fbb52579,Otto Preminger,4.674601078033447
4446b0dd-cfc7-4915-aa46-83154c93f915,Richard Brooks,7.784424781799316
eec27161-f4c6-4ece-8217-f3402ca7fb02,Alexander Mackendrick,4.256244659423828
6365859d-59c7-448f-9e9a-47285966025b,Charles Laughton,5.810250759124756
9a6a6fa7-6ecf-4863-9825-98e74d9dc376,Nicholas Ray,2.873944044113159
cc0ba132-7efa-4f46-894b-54b66e510f90,Robert Hamer,3.7790942192077637
eee490ee-90b0-4af6-9475-25e5b9a8a15a,Jacques Tourneur,1.6516313552856445
af6ac7f1-0f66-4fc3-abcd-96d72213062e,W.S. Van Dyke,3.6866190433502197
f8f3af65-116d-4df7-a2ad-5865cfb46776,Lewis Milestone,3.1292061805725098
0b3553c5-eb62-4411-b4e2-424e84272795,Sergei M. Eisenstein,7.244189262390137
704e67cc-4e4d-4a2a-b335-9c3967cce652,Rian Johnson,1.599625587463379
cc2d6ef3-d679-4e18-804d-c5354154649d,Mukesh Chhabra,3.769904375076294
6af1b211-3d2d-406b-8524-8b9df4632804,Hirokazu Koreeda,6.811221599578857
6a222af7-e840-4580-8ea5-8f44bfebc248,Noah Baumbach,8.800056457519531
f8a8e687-2f0d-44da-9281-8d66493193e5,Luca Guadagnino,7.967297077178955
2c1d7a26-5e90-4d74-9b8f-af491aa29ea8,Ken Loach,1.3511247634887695
73b2b26d-8077-4138-ba2c-bc14ae43c3f2,Taika Waititi,5.801152229309082
68c07acd-7611-424c-9614-0fd5a42649de,Matt Ross,6.144989013671875
6b316ba3-68b6-41a3-bc4d-0f9c325d931b,John Carney,8.719377517700195
50cbb25f-6c13-4d75-834b-6760792fcfb6,Dan Gilroy,8.8435697555542
585a82f8-99a2-43ee-9ebc-e11a83dbd322,J.J. Abrams,9.920287132263184
687676a4-cf65-4925-becc-234608304ee5,Michel Hazanavicius,9.063383102416992
f0bd7707-ae8f-4c6f-81d1-32488cb6c042,Doug Liman,2.8269894123077393
4dd60c72-0a66-4c03-baa2-998d16016afc,Michael Haneke,1.7093708515167236
39ecb508-56c1-4666-bb91-41daeb348d0e,Jacques Audiard,7.215202808380127
70a2bf20-9dc9-4fbd-bdb5-1d68c1d4c6d6,Duncan Jones,8.621644973754883
27e56af1-2d03-4b3c-a454-61db27ca2752,Tomas Alfredson,1.3792171478271484
4888476e-9a95-4784-9d2c-822a05a1e86d,Neill Blomkamp,4.425161361694336
ded63008-3699-4425-a492-73f7092885c9,Imtiaz Ali,6.997771739959717
615643e2-0695-49c8-af78-8403b301f68e,Cristian Mungiu,3.2870514392852783
95e9a226-58ef-471a-8ec2-98c2b639dc44,Richard Schenkman,5.3905110359191895
05c8a26c-a5c6-40d6-87e9-640860e92694,Tarsem Singh,2.2063186168670654
a3de0153-811f-4183-bfe7-9017471a32f3,Ang Lee,9.324300765991211
7ebab1e5-f6fc-45d4-9ec8-2f3ebd2f717d,Christophe Barratier,7.356863975524902
087c0e3c-4574-40de-abd4-63f22c49906d,Jon Favreau,1.2162450551986694
20bda84a-7cbe-4481-915f-87a0973e1eb5,Edgar Wright,6.415030479431152
93693c1b-c13b-43d2-bc30-a3d78e54319a,Fatih Akin,3.3396897315979004
0b7a83f9-e661-477b-b41d-7f87fbe2e5f4,Alfonso Cuarón,5.7783660888671875
4a21b4ac-b936-4e25-b52c-ca0a42a4e0dd,Pedro Almodóvar,4.302727699279785
7baf1501-40e0-40b9-839d-ec13715a032c,Danis Tanovic,7.977670669555664
b2904194-bd56-4456-a67c-b57616f9f4ef,Shin'ichirô Watanabe,9.194750785827637
bfa93512-b45e-457d-96af-91aff4680e75,Fabián Bielinsky,9.938180923461914
95a79c95-79fa-4546-82c2-6780bad96be2,Cameron Crowe,5.536488056182861
85e0619b-9772-4574-bd60-c46a5fe93057,Yoshifumi Kondô,8.984094619750977
854f00c3-8fdb-48f3-a60c-a5808ca2a93f,Lee Tamahori,6.972257614135742
d3d4cfc8-1092-434b-9fb4-6dcdb6a2909f,Tony Scott,6.630608558654785
7693567e-a73e-4d79-88fe-3be22ad8cba6,Yoshiaki Kawajiri,8.906036376953125
9239fa5d-0840-4f77-910e-69c8232c9b5d,Bob Clark,6.455935001373291
7136aa34-af3a-4729-9692-83d2e8e37e1e,John Landis,3.0403478145599365
543db904-7281-42c9-87a0-d9ae493b4798,Bob Fosse,1.8653337955474854
a30b4ac2-925c-4687-b6cd-ea16c6a06eea,George A. Romero,4.081534385681152
6b72655c-34e4-4208-a60f-29f6f8496eb7,Alan J. Pakula,1.4925318956375122
90c0ada5-8616-409d-8772-b0e5d9cf6fb3,Alejandro Jodorowsky,3.7003655433654785
3780e65d-5dec-49c2-b332-62e73e59e1dc,Sam Peckinpah,2.0661721229553223
2d5e846a-6f5a-452c-a958-642de73e53fd,Anthony Harvey,1.1403707265853882
a5760ecf-9790-431e-be57-a62974188357,John Frankenheimer,6.282464027404785
44026873-7783-47fc-9242-d76263022536,Michelangelo Antonioni,4.66197395324707
4746477c-289c-4f47-a173-ad387f7d95eb,Alain Resnais,2.31916880607605
39192406-0891-46ac-941c-151176e2b724,Cecil B. DeMille,4.843460559844971
90c81998-ed03-4337-a4fe-1f018f1a0283,Fred Zinnemann,6.297061443328857
935cddfc-c087-4fe9-96a7-134dcd2bc5ce,Henry Koster,2.04425048828125
ffef3fbc-3dd9-4004-b47b-1bad5177b256,George Seaton,7.3328657150268555
7c02f745-0faf-40dc-a029-f837c3d1622f,George Cukor,4.081209182739258
2e3cf384-4d56-4163-a1cf-4624cf800f6f,Sam Wood,8.435254096984863
16f01f6b-d767-439a-90b2-aa931631ef9b,Merian C. Cooper,7.8609819412231445
1605a206-0b7f-4e52-ae03-d9e0741e8309,Tod Browning,3.4330735206604004
bb04d863-9bfe-4570-a6af-cf79d33c0a9f,Darius Marder,5.966285228729248
e7d9c561-597a-4c00-b626-e8c0414a4be1,Paolo Genovese,3.725329875946045
9b4e623c-71e6-4120-9949-bcfc9a7164d2,Theodore Melfi,6.264588356018066
25d418e0-5a88-41c9-8fbe-bad72f4c788a,Paul King,2.5052261352539062
1971b9b8-829e-452e-8cc6-85a24c7df158,Abhishek Chaubey,4.432226657867432
8acf793b-11d7-485d-a5c1-5a9650de79fe,Travis Knight,1.1835757493972778
46a55a61-dbb6-4274-85ac-0dc47222e52f,Kenneth Lonergan,2.687274694442749
91dcf1eb-3546-4e53-bd2b-c924f3334446,Martin Zandvliet,9.935827255249023
1f4fab25-8c90-4791-8aeb-05c11c6979e0,Gareth Edwards,1.3510721921920776
ca3f4621-d466-4943-b158-ec1a0769d073,Greta Gerwig,8.21411418914795
e85f8ac4-efba-4abc-a41a-5530163abf1d,Dorota Kobiela,2.0232086181640625
25f9e6b3-9c00-423b-b759-d2ac435c42b9,Matthew Warchus,3.6450653076171875
0bf6e1cb-64ab-42df-9aab-4ceb1ce7fcb4,Paolo Sorrentino,5.049646377563477
37577955-76ed-442a-afc6-ac373e8daced,Ritesh Batra,6.538323879241943
afe26ca1-6e3d-4cb0-8ba9-25a84954145c,Shoojit Sircar,5.165952205657959
01e947b5-88c2-4d31-b254-2bc6663b42c8,Don Hall,7.999650955200195
937bdc1d-b5d9-4ac5-8142-5fa1cf6a09eb,Richard Curtis,3.8230700492858887
a7ff4d02-f030-4c69-8bcb-2b999aeddf2d,Gauri Shinde,1.734727382659912
0cba25cd-6c24-4c88-8aa3-e972906edb67,Josh Cooley,1.4613807201385498
5142dfcd-0ccd-44cd-9658-f2a599f4d20c,Adam McKay,4.465117454528809
1688f7db-9038-44d3-af21-902ff1b36c9d,Tetsuya Nakashima,4.966218948364258
b2fc250a-32ae-4bcd-a18d-4314d2a2b271,Jee-woon Kim,8.948270797729492
46a46566-63e0-46b8-a05f-09917b032405,Jeong-beom Lee,6.943750381469727
e376c06a-a6b7-4191-9c7f-a5a2f23de25e,F. Gary Gray,7.647931098937988
24e3b6ce-61f1-4887-ae71-9ea5fe3b0bd3,Hong-jin Na,1.8364591598510742
46c4fb43-9b46-4d67-8cdb-cae977dc43da,Niels Arden Oplev,5.306785583496094
4a2d5826-d294-464e-ae44-201a60d51346,Aaron Sorkin,1.622652292251587
f4e2dd7d-3fdb-42a8-be5f-ffed1c766864,David O. Russell,1.7945630550384521
2b767067-8fcb-4a61-9285-567e0068113e,Pierre Morel,6.176926612854004
309908b1-8442-4b87-8663-1daeb527e40d,Mark Herman,4.215729713439941
4970a7f9-93fd-424b-ab15-b761fa61dbf8,Joe Wright,1.9835939407348633
0bd1ba71-86b9-4423-8522-d9e4f6eec07e,Nicolas Winding Refn,5.791370391845703
2abcb9d1-a4e8-45a8-9403-7f7b651caead,Jaco Van Dormael,1.4917304515838623
4c9de3af-25b9-4d86-8eb8-e61aae8c511b,Jonathan Dayton,7.3914384841918945
ad14f650-eb4a-481e-bf21-d5c79c7efad3,Yash Chopra,9.666114807128906
88c836fc-5e33-4d50-99ad-763938d62857,Anders Thomas Jensen,9.62856674194336
7ce34ca4-9772-4e46-b539-a254a423212a,Roger Donaldson,5.7079339027404785
b0bbc5de-ca23-4f5d-a45f-6969106a7c2b,Mikael Håfström,1.1813199520111084
f590e0d9-8901-4e68-9e0d-e751af4a22a1,Nick Cassavetes,4.858926773071289
8ae58695-b770-4202-872c-c0e07703a16b,Lukas Moodysson,5.034183979034424
376af254-65c1-4209-b974-5c4d8d16001b,Sylvain Chomet,4.922222137451172
e50c2fc8-47ee-4b5d-a871-a02e7991e43a,Kevin Reynolds,8.894973754882812
1effd84a-c2e1-47b0-864a-a0c95505e719,Boaz Yakin,2.8754074573516846
d137596d-ecf5-45ab-bb9a-fbda0286940a,Troy Duffy,5.711331844329834
7a868321-6bea-4710-a99e-f2cccca3350e,Joe Johnston,5.744513511657715
b0b09d3c-e0f1-4cc3-ba62-4175bf3e006a,Andrew Adamson,7.124780654907227
406fc1ed-a1ea-4298-96f5-22281b05287b,Takeshi Kitano,3.9801993370056152
a26a4f40-4a07-4fb3-a5a3-ff6b500f4bc6,Andrew Niccol,5.216874599456787
2f276aac-d0f9-44bb-9486-31f1c72cbb4e,George P. Cosmatos,2.5499563217163086
a9cfa9b0-9a84-45a4-b18e-eaa50cc8ddc8,David Mickey Evans,4.802427768707275
d023cb57-d9a7-4862-8fc4-549b81716c6e,James Ivory,6.408565998077393
d98cf8f1-eb38-419f-a6d8-05334a488065,Andrew Davis,5.999637126922607
98025e38-03cf-4a57-8145-7c33b75fb849,Robert De Niro,9.448310852050781
f5cb65cf-4d2d-43bc-bb7f-34f197c3825b,Kevin Altieri,4.620809555053711
1bdc280b-a0d9-4994-a05c-3d537850109a,John Woo,6.757641792297363
fea6d85e-f2eb-4b54-bab9-5918d69504ae,Jim Jarmusch,9.671116828918457
12991625-d86d-4792-962c-35f53714b742,John Singleton,2.4288740158081055
8db7d7a1-e1c9-4bec-b27a-37e837c45b46,Penny Marshall,1.4782373905181885
c3d92fb9-a8a3-46c0-add0-77b310554afa,Sam Raimi,4.511542320251465
f32eca70-669f-4ec4-9c4d-4fe7bf19a819,John Hughes,5.099050521850586
56bfc936-a012-4f93-9279-2395fc1e4c38,Richard Donner,9.894403457641602
399215b9-616b-4de8-9398-e60414ae6e32,Roland Joffé,7.968662738800049
1b2c52a6-b668-47db-88b4-e7f9ce02c881,Ivan Reitman,2.651747226715088
6f65fcd7-b695-495a-9795-3a68d2e02c0b,Philip Kaufman,8.900115966796875
380f0283-47f2-434d-882d-05eb4d76c1e2,Robert Benton,4.464881896972656
edff4f02-49a3-4de0-a84c-a733261890fe,Terrence Malick,1.2932491302490234
9e39677d-ae69-4c2b-98f8-4a847688ad8d,René Laloux,2.4355788230895996
1cbf3dfa-1f71-435c-9354-7b4ba8e53f6e,Mel Stuart,2.265451669692993
7843b539-78d1-4c3c-93f4-159faf01ffef,John Schlesinger,3.124540328979492
24eaeeca-a158-412f-b72c-2104b476e06a,Terence Young,5.444916725158691
b6bc3a43-05b0-4f7f-acd5-d2745118b878,Arthur Penn,7.022940635681152
13bee40f-0941-4654-9387-38d9bdc65b26,Robert Stevenson,1.3124161958694458
8145be1a-711a-4723-a4c6-90cb15d7f6c2,Ken Annakin,6.649783134460449
64e40578-e98e-4a53-a288-b8d51f3411d8,Jack Clayton,7.319587707519531
e6b9e2a6-2da2-4532-9689-664ea7c3f949,James Whale,7.654621124267578
3bcd616f-aeb5-471a-a3bd-57dcc3094520,Leo McCarey,7.4657464027404785
4f7212e8-ed52-484b-9fc6-14dd7ad7bd58,Francis Lee,8.092008590698242
bd848c27-2728-40d7-9274-15872b3088b4,David Leitch,3.620067596435547
0ad5e0d8-b248-487e-b795-8f5e5d14595f,Taylor Sheridan,9.578001976013184
df5f67a6-fa53-4ede-bd6f-cabd5e1d8283,Jordan Peele,3.8574650287628174
f6472ec9-6768-4fea-85eb-3fe4c88c14a4,Christopher McQuarrie,1.5615026950836182
d7d1ae5f-bd49-4b4a-9857-ddbb873f5180,Hannes Holm,2.2306394577026367
9d3f038e-eee5-47f3-90b3-74ace1065f4f,Jemaine Clement,1.5434010028839111
9edfb844-9e1b-40a2-94b6-e0359998990b,James Simone,6.628273963928223
92b94a18-6a6a-4c43-8dd8-5e29e378bbf5,James Marsh,1.1501758098602295
2596ddbe-1daa-4b97-814c-965a6c8bba12,Matthew Vaughn,3.6133668422698975
ad2b27f9-6019-4404-a8d8-d844522b60ab,Josh Boone,5.37001371383667
e924c586-0a14-428b-9157-b6bf4f40a612,Alfonso Gomez-Rejon,1.35361647605896
22fb8e5d-0401-4468-b8d8-d939980a96a2,Abdellatif Kechiche,5.174858093261719
0f2b055e-50d6-4266-9b74-77112fc81087,Abhishek Kapoor,6.526101112365723
6e74c221-9cb5-446c-96eb-ba325f23f2b8,Felix van Groeningen,8.681814193725586
18c26c93-3008-49c6-8ddc-e9e4bd7f19e6,Alexander Payne,2.0411086082458496
a849e55b-5a1a-43b6-af71-5b97a4342794,Rich Moore,5.896559715270996
a0fbf774-492b-4ed5-ae0a-440057fa7a3b,Mark Osborne,2.6624464988708496
fe2797c3-e06c-4061-9532-15e9ffa64ca6,Christopher Miller,9.339634895324707
d7968eec-2bcf-46db-a83f-a40bfd482192,Cary Joji Fukunaga,2.091744899749756
e6790fcb-5f8d-4931-82a6-2cd3035a185f,Ben Affleck,6.0369391441345215
eff7d15d-b551-4cce-9bea-05b450eda849,Marc Webb,7.566127777099609
14f77cb6-d3a9-4852-8490-ca8caba549e4,Shûsuke Kaneko,5.4833455085754395
95b1a764-14e5-4697-96db-ffb255079ba1,Shane Meadows,3.030982494354248
81896bed-73e7-4114-8853-ffc9a9487a1a,Alex Garland,4.8740363121032715
9c5f9a24-46a5-4187-bc3c-989f379ff7a7,Susanne Bier,1.7391620874404907
88e93a34-2152-4467-aa56-e550b7d3a5f9,Kevin Macdonald,8.676884651184082
1ebb79bd-702d-42b5-af6c-053ca8808327,Paul McGuigan,1.3587154150009155
300c0c8a-2602-46cf-b342-57837cbbd0d8,Christian Carion,1.1324963569641113
f72d3e29-8f2e-43fa-a5d1-1ea1ab75be5e,Anton Corbijn,6.890212059020996
e71ea936-2583-4deb-9200-4df6fe7b88f6,Nathan Greno,4.9739990234375
3589e9c2-1740-4b7d-b78e-867c7fdd228d,Paul Verhoeven,1.4366018772125244
3214a3f8-c0e2-47d6-be59-4c76b872c53a,Paul Haggis,2.270040988922119
2b45829e-8efe-4d33-a3ea-a14195ee0ff7,Stephen Chow,7.56255578994751
83d05e04-4c62-4cda-8190-da3201a91097,Brad Anderson,3.228146553039551
352d4d0b-2eb5-4c7b-a3f0-b7cf499899ab,Sofia Coppola,2.682344913482666
df059846-c409-4129-b5e2-c102869181dd,Mike Newell,4.7520036697387695
0982f69b-d8a1-4c05-89f0-12ade8859420,Peter Mullan,1.2861391305923462
518994ca-44da-4d38-9a5b-c5e76aebf182,Wolfgang Becker,7.834198474884033
806b56d4-08e8-4293-9e0c-f4d4b20d1175,Jessie Nelson,7.602762222290039
7247904d-733c-4d6f-852d-9a6286db837d,Stephen Daldry,5.608572483062744
28366597-67cb-4b8c-a89d-946b4e9e12dc,John Cameron Mitchell,9.887561798095703
82a61214-752b-4b9e-9e19-880e86ac8298,Steven Soderbergh,4.410357475280762
a746678e-402c-46b7-9785-bbce086c01b8,Bob Gale,5.429064750671387
948b4ef9-60db-488f-9c40-332a7830a1cd,Trey Parker,7.905219078063965
db4015f5-e531-454e-8e74-e5e3866ac459,Mike Judge,1.527267575263977
305bde16-e620-4549-b5b7-b2a58b16d257,Todd Solondz,1.1563524007797241
9c48f6c0-05b5-46cd-a279-0025f1c65177,Antoine Fuqua,1.5984448194503784
afae2ef7-10e5-4eba-a594-79fac6cb74b5,James L. Brooks,1.2258660793304443
f76bcf8e-3d67-4a33-b748-30e9c380e165,Francis Veber,3.9664597511291504
67997b2a-a8f6-46e1-b9fd-2767abae3bb6,Scott Hicks,6.490864276885986
94c97a7a-a13a-4e21-a4d2-1c290b011277,Gregory Hoblit,6.355844020843506
2750fbbb-58dd-4420-8466-2dcabe4df493,Kenneth Branagh,9.172351837158203
6366edb0-5156-435d-aa71-739d543dad15,Michael Radford,1.20724356174469
c4495a63-2a1e-4355-9267-b2a4bb6528a3,Kevin Smith,4.62058687210083
ae77e56f-b22b-46af-a9e4-a0798e04c814,Robert Altman,9.188699722290039
74531966-1745-4973-bcd3-6141ed21be30,Brian Henson,7.151751518249512
52ea04d6-e471-471a-9f30-26f2ca2933cb,James Foley,3.1968472003936768
74bbf0a8-4662-44c9-813e-7e0b4b5b82c0,Jon Avnet,4.0830793380737305
56fd769a-1b03-4b1b-a3b1-fd8c0e8adc46,George Sluizer,1.6693425178527832
c1b77bf5-3605-4020-9b9f-9f59b51a52c2,Bruce Robinson,8.874077796936035
bb68271d-7209-4c24-8d53-640873f8c92f,Jean-Jacques Annaud,1.5839710235595703
ce7e5929-2a17-44c5-9210-f3ed77d25a99,Nicholas Meyer,4.4647932052612305
00659be9-5c47-4d20-8d2a-d1c21d24d62c,Ted Kotcheff,6.222201347351074
5032610f-b2d4-495f-b33c-6910b23ff6f2,Robert Redford,5.645020484924316
54f6f778-a4d2-4966-b007-28902df73415,Jim Abrahams,3.053567409515381
4b3cf463-0aaf-4e54-b185-efbacf3597de,Joseph Sargent,9.291495323181152
aa0cf880-d738-49bf-ae76-668d9a3f9491,Robert Clouse,9.659344673156738
bbdcf32b-1f32-47e0-9bd9-34db5ff65c8a,John Boorman,7.573016166687012
27bda990-8b6d-4d44-8400-bc4b0de0a96e,Don Siegel,3.8672754764556885
2a2c63c4-98b3-4587-a079-290792760322,Brian G. Hutton,5.365479469299316
88bbaab0-9fbf-4385-acf7-590caa3767d9,Gene Saks,5.875914573669434
10a59710-0584-4506-80b9-2b7d31ac3fd9,Cy Endfield,7.2421746253967285
f6539010-24f6-4647-88c3-a8b90ecd7c75,Guy Hamilton,5.8823933601379395
8a640aa3-0b4d-4343-bbed-8c81fad95bc4,J. Lee Thompson,5.386831760406494
13648d2d-38e3-44e1-8299-18d4e6034adf,Georges Franju,5.614344120025635
bec0ac79-58c8-44f0-a589-fe01987b7f92,Charles Vidor,5.9369306564331055
1aa02af9-f784-4f22-9d3f-f00d05eb9bbf,James Algar,5.907013893127441
3395076c-d4d0-4941-a790-f2240f7c37dd,Todd Haynes,7.6899237632751465
eb989360-95ca-4ac4-9816-85e13bd00f54,Aneesh Chaganty,3.361856698989868
138d42ac-262b-43cc-8d80-601e25263c2c,Sean Baker,2.2975358963012695
0e766a8e-7b31-4d36-af43-bedbd5138a77,Tyler Nilson,9.086256980895996
54ee299c-b7a6-4433-bb44-6b6a8e1df02e,Sebastian Schipper,4.445432662963867
7d0750c0-35f6-434e-a847-9002e73ac07a,Deniz Gamze Ergüven,7.886083126068115
68d06cb4-58a0-4e20-ba47-281bedd30958,Joseph Kosinski,7.6349287033081055
21f73e92-a369-46fc-85f8-0d1f28647682,Ryan Coogler,1.7104253768920898
d4305735-4f48-4ca0-a687-d6d8c85ac4c1,David Mackenzie,5.886399269104004
3bf5b292-dbcc-4cae-8cca-51454debc01f,Stephen Frears,9.693958282470703
484dcd94-42e4-4759-bb97-8cad3abcacc2,Matt Reeves,1.1993213891983032
9a1d521f-ecfe-464c-9a66-e60d71b4fd06,David Ayer,4.748345851898193
21e3b545-5d79-4e3f-93ee-8402ad667452,Hiromasa Yonebayashi,3.725659132003784
3ad6c9a9-2c85-42d7-a77a-5f1d0b7a8dbf,Bradley Cooper,8.031204223632812
aab4de8d-819c-42ec-8308-400718332c34,Pierre Coffin,3.415233612060547
f69d1038-8ad4-4eed-a01e-a212baf4e1d6,Jonathan Levine,9.7752103805542
c5ef0c28-d6ad-4365-a843-6f4edbeb52a2,Daniel Monzón,9.45171070098877
41fdd79c-f91c-497c-aeac-81249a8214c2,Bennett Miller,6.093071937561035
52b077fa-ce46-408d-8503-df0e0ece32e5,Ruben Fleischer,7.727743625640869
b886c51c-df55-4c04-b6b8-6828c176b45b,Dennis Gansel,3.930063247680664
5c65d5f2-ca2c-4f63-a9ab-d55d3269b9da,John Lee Hancock,6.854541301727295
af5c0374-52f0-4450-96ac-1d7a62473458,David Cronenberg,6.77387809753418
73f09946-ba3b-49cf-bfd6-910bb0906d1b,Olivier Dahan,7.530926704406738
f3ef39d6-e9fd-43dd-a23e-26b127430e39,Ronny Yu,1.1163268089294434
73837b35-e664-4758-98c0-f7633569ffe3,Neil Burger,2.356816291809082
f3a70f20-c5fa-49f8-9875-a07a0e190e5d,Zack Snyder,5.409748554229736
dc156e9a-f385-4a48-adea-8ee1f0f7f500,James Wan,4.9739227294921875
007918a8-cac5-45bb-b8f5-1f4190e4fed4,Charlie Kaufman,4.774147987365723
ef89d234-cc88-48ce-9d15-9ab4efe8d2e8,Gregg Araki,2.313143014907837
f0cd88cd-ea11-468a-b0c4-6c9078b8365e,Yann Samuell,5.296536922454834
0a9136e6-1809-4420-95ef-e26c70c441c2,Marc Forster,3.3405556678771973
d08d99bd-66f6-41b3-acbe-e3f3bb8bbca0,Eric Bress,8.62006950378418
5d4d1cc6-6af0-4a85-aab1-0b67a582c21f,Kinji Fukasaku,2.934785842895508
bac5686a-aee7-4864-869e-e6bb6ff3956a,Chris Columbus,6.093633651733398
db31e049-e623-40e9-b0cb-5832a56c6f7c,Ted Demme,7.889749050140381
d9e6bcc3-22a0-45e5-abf6-eabf93b3ed18,Mary Harron,9.05333137512207
35721bd3-1839-4595-ac7c-fc1b17a7f158,Tom Tykwer,6.006932258605957
8d467ee2-2f64-4255-8fb3-9a78b3e9693f,Tony Bancroft,1.910391092300415
31de7d21-5203-4109-a9a8-26a4608fc6e8,Alex Proyas,1.7823493480682373
70860acf-a677-42a8-8c07-6a341cf41e1a,Joel Schumacher,6.650775909423828
1b58ef95-8610-4e29-b0df-e33739c3fb03,Jonathan Lynn,9.753830909729004
03ccfe75-9880-4a3d-a7c3-11ffba15ef54,Marc Caro,8.727859497070312
7a0b6cbc-7421-4ca6-99d8-8a6126f63919,David Zucker,3.9626221656799316
c3d3399c-aca5-437b-ae29-8563006bbc88,Mark Rydell,3.3917059898376465
f860a1da-92dc-4700-ba39-36629aa529b2,Walter Hill,6.168951988220215
98966429-6cae-4334-9969-3edc0a28b21e,James Frawley,4.602279186248779
317340da-8101-4360-8e45-9c2dfbc18629,Martin Rosen,7.422482013702393
367df821-9047-420b-8d3a-9f73faedb5e1,Wolfgang Reitherman,1.4815391302108765
2ecfe956-050d-4958-87b5-f24ce1160bd7,Richard Lester,6.1774396896362305
43d10c13-2e2f-46d1-ae14-f002e04661b2,Blake Edwards,1.650813341140747
02afee53-a973-4072-92ce-0efa66c8b102,George Stevens,1.096935510635376
